{"frames":{"player1":{"frame":{"x":0,"y":0,"w":36,"h":72},"rotated":false,"trimmed":false,"spriteSourceSize":{"x":0,"y":0,"w":36,"h":72},"sourceSize":{"w":36,"h":72}},"player2":{"frame":{"x":37,"y":0,"w":56,"h":68},"rotated":false,"trimmed":false,"spriteSourceSize":{"x":0,"y":0,"w":56,"h":68},"sourceSize":{"w":56,"h":68}},"player3":{"frame":{"x":0,"y":73,"w":59,"h":67},"rotated":false,"trimmed":false,"spriteSourceSize":{"x":0,"y":0,"w":59,"h":67},"sourceSize":{"w":59,"h":67}}},"meta":{"app":"https://www.leshylabs.com/apps/sstool/","version":"Leshy SpriteSheet Tool v0.8.4","image":"player.png","size":{"w":93,"h":140},"scale":1}}